id,prediction,score,sequence,prediction_num
DBAASP_1432,AMP,0.9989,KRFHSVGSLIQRHQQMIRDKSEATRHGIRIITRPKLLLAS,1
DBAASP_14649,AMP,0.8071,IDWKKLLDPAKQIL,1
DBAASP_10705,AMP,1.0,FLGGLIKRPPAMICAVRKKC,1
DBAASP_20619,non-AMP,0.0144,RWKRHISEQLRRRDRLQR,0
DBAASP_9717,AMP,0.9976,FPVTWPTKWRKG,1
DBAASP_16807,AMP,0.9979,KLLDIVKKVVGALG,1
DBAASP_16744,AMP,0.7357,RFWQRNIRIRR,1
DBAASP_4579,non-AMP,0.1952,QLKVDLWGTRSGI,0
DBAASP_10702,AMP,1.0,FLGGLIKPVPAMICAVRKKC,1
DBAASP_14024,AMP,0.9973,IHHIHHHIHHIHHHIHHIHHHIHHIHHH,1
DBAASP_3391,AMP,0.6608,IGKEFKRIVQRIKDFLRNLVPRTES,1
DBAASP_15902,AMP,0.9996,KRFWPLVPVAINTVAAGIN,1
DBAASP_18106,AMP,0.9985,ACTKSIPPICGK,1
DBAASP_18758,AMP,0.9995,GSKKPVPIIYCNAATGKCQRM,1
DBAASP_7150,AMP,0.9999,LLPIVGNLLKSLLGAKRKRAG,1
DBAASP_20566,AMP,0.9999,RRRRWWWWWWW,1
DBAASP_9720,AMP,0.932,FPVTWPTKWWEG,1
DBAASP_15877,non-AMP,0.0045,MKKALQYIKLLKE,0
DBAASP_2225,AMP,0.9867,GFKEVLKADLGSLVKGIAAHVAN,1
DBAASP_12188,non-AMP,0.0444,VQWLEQQVAKRRTKR,0
DBAASP_17504,AMP,0.9997,LKKIGKKIWRVG,1
DBAASP_5024,AMP,0.9989,HFLGTLVNLKKKIL,1
DBAASP_10129,AMP,0.9998,KIAGKIAKIAGKIA,1
DBAASP_3952,AMP,1.0,FLGVVFKKASKVFPAVFGKV,1
DBAASP_9725,AMP,0.998,FPLTCPTKWWKG,1
DBAASP_8802,AMP,0.99,KIWFQNKKMKWKK,1
DBAASP_8145,AMP,0.9975,KKAKKFGKAFVK,1
DBAASP_20016,AMP,0.9999,LGLFLLLLRLILKGFKL,1
DBAASP_10011,AMP,0.9968,GVVDILKGAAKDIAGHLASKVMN,1
DBAASP_4249,AMP,0.9896,IKKVASVIGGL,1
DBAASP_18108,AMP,0.9796,ACTSIPPICGK,1
DBAASP_13706,non-AMP,0.0016,ATAYARTGRCATRESLSGVAEISGRLYRLCAR,0
DBAASP_20099,AMP,0.9999,FLGALIPAITGLIGGLINR,1
DBAASP_16465,AMP,0.9997,FLPKILKVAAK,1
DBAASP_4255,AMP,0.9966,GLFDVIKKVAS,1
DBAASP_16389,AMP,0.9999,GLLDLLKGAGKGLLTHLASQI,1
DBAASP_14102,AMP,0.999,FLPLILFWIVTAL,1
DBAASP_13831,AMP,0.9998,ALRGCWTKSIPPKPCP,1
DBAASP_17773,non-AMP,0.0789,YANPAVVRPHAQIPQR,0
DBAASP_14654,AMP,0.9996,FKCRRWQRNMRKVRGPPVSCIKRDS,1
DBAASP_6914,AMP,1.0,LQKYYCRVRGGRCAVLSCLPKEEQIGKCSTRGRKCCRRKK,1
DBAASP_5251,AMP,0.998,PRPLPFPRPGPRPI,1
DBAASP_3976,AMP,1.0,FLGKVFKGVSKVFPAVFGKV,1
DBAASP_4561,AMP,0.6011,GKSDVRRWRSRY,1
DBAASP_6420,non-AMP,0.001,LDDLPGALSELSDLHAHKLRVDPVNFKLLSHSL,0
DBAASP_16716,AMP,0.7048,FIWQRNIRKVR,1
DBAASP_3984,AMP,1.0,FLGKVFKKASKVFPAVVGKV,1
DBAASP_15005,non-AMP,0.1663,DLASLARLYALAR,0
DBAASP_3967,AMP,1.0,FLGVVFKSASKVFPAVFGKV,1
DBAASP_18165,AMP,0.9982,FLQGIIDTVGKWL,1
DBAASP_3968,AMP,1.0,FLGGVFKGASKVFPAVFGKV,1
DBAASP_16981,AMP,1.0,FPVTWRWWKWWKGKFPVTWRWWKWWKG,1
DBAASP_18063,AMP,0.9859,PRYPRWPRHPT,1
DBAASP_16732,AMP,0.6331,FFWQRNIRIRR,1
DBAASP_16799,AMP,1.0,GLFDILKKLLKLLK,1
DBAASP_14655,AMP,0.9999,FKCRRWQWNMRKVRGPPVSCIKRDS,1
DBAASP_6921,AMP,0.8973,AVLSALPKEEQIGKASTRGRKAARRKK,1
DBAASP_2158,AMP,0.9999,AGRGKQGGKVRAKAKTRSSRAGLQFPVGRVHRLLRKGNY,1
DBAASP_8163,AMP,0.932,KTRNWFSEHFKKVKEKLKDTFA,1
DBAASP_20812,AMP,1.0,FLPFLGKLLSGIF,1
DBAASP_10437,AMP,0.9999,IIGPVLGLIGKALGGLL,1
DBAASP_9721,AMP,0.996,FPVTWPTKWLKG,1
DBAASP_16673,AMP,0.9988,FWQRRIRKVRR,1
DBAASP_13704,non-AMP,0.0033,ATCYARTGRAATRESLSGVAEISGRLYRLACR,0
DBAASP_13705,non-AMP,0.0032,ATAYCRTGRAATRESLSGVCEISGRLYRLAAR,0
DBAASP_8510,AMP,0.9991,RRIRPRPPRLPRPC,1
DBAASP_4581,AMP,0.5395,KSDVRRWRSRY,1
DBAASP_8294,AMP,0.9985,GVFDIIKGAGKQLIAHAMGKIAEKVGLNKDGN,1
DBAASP_17501,AMP,0.9995,LKKIGKKIWRVGWNTRDATIQ,1
DBAASP_5246,AMP,0.9998,PRPPRLPRPRPRPLPFPRP,1
DBAASP_16144,non-AMP,0.0013,KLDLKLDLKLDL,0
DBAASP_16676,AMP,0.9695,KWQRNIRKVRR,1
DBAASP_4395,AMP,1.0,GLMDTVKNAAKNLAGQMLDKLKCKITGSC,1
DBAASP_16779,AMP,0.9847,LNLKALLAVAKK,1
DBAASP_8141,AMP,0.9998,GKFLKKAKKFGK,1
DBAASP_15875,non-AMP,0.0064,KKMKKALQYIKLLKE,0
DBAASP_2024,AMP,0.9356,KISKRILTGKK,1
DBAASP_20138,AMP,0.995,FIGAIARLLSK,1
DBAASP_20389,AMP,0.9999,GLISGILGAGKKVLC,1
DBAASP_16684,AMP,1.0,CFWQRNIRKVCR,1
DBAASP_14315,non-AMP,0.1395,SLRSSIKDMAAAAGRAALNAVNGIVNP,0
DBAASP_7648,AMP,0.9992,KAGLAFPVGRVHRLLRK,1
DBAASP_6913,AMP,0.9996,LQKYYCRVRGGRCAVLS,1
DBAASP_3777,AMP,0.9691,GWASKIGQTLGKMAKVGLQELIQPK,1
DBAASP_15004,non-AMP,0.0028,YYQVSEERRRDLASLARLYALAR,0
DBAASP_12192,non-AMP,0.0261,TKRSLSPHRPRHSRLQREPQVQWLEQQVAKRRTKR,0
DBAASP_5025,AMP,0.9999,HFLGTLVNLAKKKL,1
DBAASP_20322,AMP,0.6654,AGYSRMIRRPPGFSPFRVAPASSLKR,1
DBAASP_16668,AMP,0.9987,FWQRNIRKVKKK,1
DBAASP_14028,AMP,0.9986,IHHIHHIIHHIHHIIHHIHHIIHHIHHI,1
DBAASP_19842,AMP,0.9957,ELPIVAKLLSGLL,1
DBAASP_17330,AMP,0.7011,GLHKVMREVLGY,1
DBAASP_4393,AMP,0.999,ILGAILPLVSGLLSNKL,1
DBAASP_4248,AMP,0.9958,DVIKKVASVIGGL,1
DBAASP_14268,AMP,0.9859,VRRFPAAWPFLRR,1
DBAASP_9904,AMP,0.8603,WMQKVIDRFGG,1
DBAASP_17013,AMP,0.9999,KLLKLLKKPLKLLK,1
DBAASP_17331,AMP,0.8102,YERNSYKKFFLR,1
DBAASP_2505,non-AMP,0.107,IPHAVKAISDLI,0
DBAASP_3978,AMP,1.0,FLGKVFKGASKVVPAVFGKV,1
DBAASP_20441,AMP,0.9991,GLLSGILGAGKK,1
DBAASP_1202,non-AMP,0.2202,RLARIVPIRVAR,0
DBAASP_12925,AMP,0.9891,AAKAAAKAAAKAA,1
DBAASP_3963,AMP,1.0,FLGVVFKKASKVFPAVFKKV,1
DBAASP_19854,AMP,0.9859,FLPIVAKLLSGLE,1
DBAASP_14656,AMP,0.9999,FKCRRWQWRMRKVRGPPVSCIKRDS,1
DBAASP_15886,non-AMP,0.2187,KKMKKALQYIKL,0
DBAASP_19515,AMP,0.9955,ASVVNKLTGGVAGLLK,1
DBAASP_15007,non-AMP,0.0366,VSFNRAVIHSLLG,0
DBAASP_17929,non-AMP,0.0289,GILDIKNKVSNLFKKIKGEK,0
DBAASP_13415,non-AMP,0.0177,AMAYLAKDNLGEKITEVITILLNRLTDRLEKYAG,0
DBAASP_8162,AMP,0.9938,FSTKTRNWFSEHFKKVKEKLKDTFA,1
DBAASP_21030,AMP,1.0,MLRKVGVIGHWKIWWSGGWKRWRWR,1
DBAASP_1127,AMP,0.9999,FLPIVGKLLSGLL,1
DBAASP_20396,AMP,0.9999,GAPKGCWTKSYPPKPCSGKR,1
DBAASP_20947,AMP,1.0,KRIVQRIKDFLRKCCKKP,1
DBAASP_20570,AMP,1.0,RRRRRWWWWWWW,1
DBAASP_2227,AMP,0.9983,GFKEVLKAGLGSLVKGIPAHVAN,1
DBAASP_19590,non-AMP,0.203,FVDLKKIANII,0
DBAASP_17012,AMP,1.0,KLLKLPKKLLKLLK,1
DBAASP_14027,AMP,0.9783,IHHIHHIIHHIHHIIHHIHHI,1
DBAASP_20100,AMP,0.8294,FLGALIPAITG,1
DBAASP_13833,AMP,0.9999,ALRGCWTKSIPPKPCK,1
DBAASP_6008,AMP,1.0,GLLNVIKDTAQNLFAAALDKLKCKVTKCN,1
DBAASP_14176,non-AMP,0.3854,AVAVVGQAATVVK,0
DBAASP_9799,AMP,0.9999,FLSLIPHAIKAVGVHAKHF,1
DBAASP_20105,AMP,0.9035,FLGALIPAIAG,1
DBAASP_18158,AMP,0.9935,INLKAVAALAKKLL,1
DBAASP_20442,AMP,1.0,GILSGLLGAGKKIVCGLSGMC,1
DBAASP_16681,AMP,0.9175,RWQRNIRKYRR,1
DBAASP_11187,AMP,0.9991,RPRFPPPFPIPRIPRIP,1
DBAASP_2443,AMP,0.9785,GLFKGKKKNKKTK,1
DBAASP_17759,AMP,0.529,RIKTVTSFDLPALRFLKL,1
DBAASP_20620,non-AMP,0.0006,RWKRHISEQLRRRDRLQRQAF,0
DBAASP_3979,AMP,1.0,FLGVVFKGASKVFPAVVGKV,1
DBAASP_18062,AMP,0.9985,RLPRYPRYPRWPRHPT,1
DBAASP_12674,AMP,0.9458,QLGKKKHRRRPSKKKRHW,1
DBAASP_10738,AMP,0.9991,GLFDIVKKVVGAAGSL,1
DBAASP_10123,AMP,1.0,KIAGKIAKIAKKIAK,1
DBAASP_9905,AMP,0.9858,KKWMQKVIDRFGG,1
DBAASP_17502,AMP,1.0,LKKIGKKIWRVGWNTR,1
DBAASP_16682,AMP,0.9493,RRWQRNIRKYRR,1
DBAASP_3980,AMP,1.0,FLGKVVKKASKVFPAVFGKV,1
DBAASP_19850,AMP,0.9766,FLPIVAKLESGLL,1
DBAASP_9716,AMP,0.9987,FPVTWPTKWWKS,1
DBAASP_8800,AMP,0.9553,KIWFQNRRMKWKK,1
DBAASP_16678,AMP,0.9879,RRWQRNIRKVRR,1
DBAASP_10642,AMP,0.9989,GRFRRLRKKTRK,1
DBAASP_12185,AMP,0.9989,GIMDTVKNAAKNLAGQLLDKLK,1
DBAASP_3402,AMP,0.9986,ILPILGNLLNGLL,1
DBAASP_16780,AMP,0.9604,LNLKALLAVAK,1
DBAASP_1899,AMP,0.9998,ATAWNLGPHGLRPIRPIRIRPLCGKDKS,1
DBAASP_1362,AMP,0.9995,TKCFQWQRNMRKVRGPPVSCIKRDS,1
DBAASP_17507,AMP,0.9998,LKWIGKKIWRVG,1
DBAASP_6009,AMP,1.0,GLLNVIKDTAQNLFAAALEKLKCKVTKCN,1
DBAASP_16798,AMP,1.0,GLFDLLKKLLKLLK,1
DBAASP_3960,AMP,1.0,FLKVVFKKASKVFPAVFGKV,1
DBAASP_19869,AMP,0.8346,GVIIDTLKGAAKTVAAELLRKAH,1
DBAASP_19873,AMP,0.9983,GVIIKTLKGAAKTV,1
DBAASP_17522,AMP,1.0,LWKIWWKIWRVWWNWR,1
DBAASP_11186,AMP,0.9956,PYLPRPGRRPRFPPPFP,1
DBAASP_18156,AMP,0.835,INLKAIAASAKKLL,1
DBAASP_7103,AMP,0.9995,ILGTIPGLLKGL,1
DBAASP_17333,non-AMP,0.0286,KVMREVLGYERNSYK,0
DBAASP_320,AMP,0.8095,KIGAIKKWGAIKKIGAIK,1
DBAASP_16683,AMP,0.9999,CFWQRNIRKVRC,1
DBAASP_16669,AMP,0.9984,FWQRNIRKVRRRR,1
DBAASP_3966,AMP,1.0,FLGVVFKGASKVFPAVFGKV,1
DBAASP_19286,AMP,0.9999,GLLGKILGAGKKVL,1
DBAASP_9333,AMP,0.9955,GRRPRPRPRPFFF,1
DBAASP_9703,AMP,1.0,KWKSFLKTFKSAEKTVLHTALKAISS,1
DBAASP_8288,AMP,0.9998,GVFDIIKDAGKQLVAHAMGKIAEKV,1
DBAASP_14023,AMP,0.9659,IHHIHHHIHHIHHHIHHIHHH,1
DBAASP_14194,non-AMP,0.0094,GTNLYMLPKWDIP,0
DBAASP_13773,AMP,0.9897,KWFRVYRGIYRRRR,1
DBAASP_14093,AMP,0.9988,FKARRWQWRMKKLGA,1
DBAASP_3403,AMP,0.9987,ILPILGNLLNSLL,1
DBAASP_11218,AMP,0.9977,GFLEKLKTGAKDFASAFVNSIK,1
DBAASP_16658,AMP,0.5267,FQWQRNIRKVR,1
DBAASP_7637,non-AMP,0.2611,EPFKISIHLGGY,0
DBAASP_14314,AMP,0.9796,SLWSSIKDMAAAAGRAALNAVNGILNP,1
DBAASP_19589,non-AMP,0.06,FVDLKKIANIL,0
DBAASP_18065,AMP,0.8748,PRYPRWPRHPD,1
DBAASP_7115,AMP,0.9987,FPVTWPTKWWKG,1
DBAASP_19127,AMP,0.9999,GFFKKAKRKVKKAG,1
DBAASP_20397,AMP,0.9996,KEERGAPKGCWTKSYPPKPCSGKR,1
DBAASP_4553,AMP,0.9821,LRRLWLRANRL,1
DBAASP_5026,AMP,1.0,HFLGTLVNLAKKIK,1
DBAASP_16717,AMP,0.6612,FLWQRNIRKVR,1
DBAASP_19290,AMP,0.9949,GVFKDALKQFGAALLDQAANALKPK,1
DBAASP_14664,AMP,0.6606,GGRRWQWRMKKLGAPSITLPET,1
DBAASP_6336,AMP,0.821,GNNRVYIPQPRPHPRL,1
DBAASP_15621,AMP,0.9921,GFLKKVGKKLEGASDLTRDATIQTIAVAQAAANVAATAKQG,1
DBAASP_5014,AMP,1.0,KFLGTLVNLAKKIL,1
DBAASP_17930,non-AMP,0.4724,GILDIKNKVSNLFKKIK,0
DBAASP_16715,AMP,0.6332,FAWQRNIRKVR,1
DBAASP_17398,AMP,1.0,LRRLRLRLLRLLRRLLRLL,1
DBAASP_16463,AMP,0.9999,FLPGILKVAANVVPGVI,1
DBAASP_11808,AMP,0.9997,SLQPGAPNFPIPGQEKQEGWKFDPSLTRGEDGNTLGSINIHHTGPNHEVGANWDKVIRGPGKAKPTYSIHGSWRW,1
DBAASP_20399,AMP,0.9039,RMIRRPPGFSPFRVAPASSLKR,1
DBAASP_8146,AMP,0.9852,KAKKFGKAFVKI,1
DBAASP_6911,AMP,1.0,LQKYYCRVRGGRCAVLSCLPKEEQIGKCSTRGRKCCRRKK,1
DBAASP_5023,AMP,0.9999,HFLGTLVNKAKKIL,1
DBAASP_19289,AMP,0.9992,GVFKDALKQFGAALLDKAANALKPK,1
DBAASP_15887,AMP,0.6536,RKKKMKKALQY,1
DBAASP_16670,AMP,0.999,FWQRNIRKVRRRI,1
DBAASP_13425,non-AMP,0.3453,ITEVITILLNRLTDRLEK,0
DBAASP_8809,AMP,0.8828,VDRGWGNGCGLFGKGG,1
DBAASP_15882,AMP,0.9891,RYRRKKKMKKA,1
DBAASP_3975,AMP,1.0,FLGKVVKGASKVFPAVFGKV,1
DBAASP_17334,non-AMP,0.0283,REVLGYERNSYK,0
DBAASP_16677,AMP,0.9811,RWQRNIRKVRR,1
DBAASP_2439,AMP,1.0,SCIPKHEECTNDKHNCCRKGLFKLKCQCSTFDDESGQPTERCACGRPMGHQAIETGLNIFRGLFKGKKKNKKTK,1
DBAASP_14269,AMP,0.9769,VRRFPWAAPFLRR,1
DBAASP_11217,AMP,0.999,GFLEKLKKGAKDFASALVNSIKGT,1
DBAASP_7021,AMP,0.9944,SRWPSPGRPRPFPG,1
DBAASP_15622,AMP,0.9962,GFLKKVGKKLEGASDLTRDATIQTIAVAQAAANVAATAKQ,1
DBAASP_4258,AMP,0.9935,DVIKKVASVIG,1
DBAASP_15881,AMP,0.9501,RYRRKKKMKKALQY,1
DBAASP_16814,AMP,1.0,KLLKLLKKLLKLLG,1
DBAASP_4556,AMP,0.6888,QLKVDLWGTRSGIQPEQHSSGKSDVRRWRSRY,1
DBAASP_10737,AMP,0.9997,GLFDIVKKVVGAIGSL,1
DBAASP_15,AMP,0.9544,DSHAKRHHGYKRKFHEKHHSHRGY,1
DBAASP_7662,AMP,0.9988,SKVGRHGRRFGHRAHRKL,1
DBAASP_10704,AMP,1.0,FLGGLIKRVPAMICAVRKKC,1
DBAASP_13698,non-AMP,0.0004,ATAYARTGRAATRESLSGVAEISGRLYRLAAR,0
DBAASP_16667,AMP,0.9963,FWQRNIRKVRRR,1
DBAASP_17565,AMP,0.9988,GFLDVVKGVGKAALGAVTHLINQGEQ,1
DBAASP_19810,AMP,0.9943,GSKKPVPIIYTNRRTGKCQRM,1
DBAASP_3969,AMP,1.0,FLGSVFKSASKVFPAVFGKV,1
DBAASP_14271,AMP,0.8852,VRRFPAAAPFLRR,1
DBAASP_20388,AMP,0.9988,GLISGILGAGKK,1
DBAASP_3962,AMP,1.0,FLGVVFKKASKVFPKVFGKV,1
DBAASP_20361,AMP,0.9264,ATAAECLKHPWLKIKK,1
DBAASP_12189,non-AMP,0.0086,QREPQVQWLEQQVAKRRTKR,0
DBAASP_10116,AMP,0.9999,KIAGKIAKKAGKIAK,1
DBAASP_6916,AMP,0.9896,LQKYYARVRGGRAAVLSALPKEEQIGKASTRGRKAARRKK,1
DBAASP_8140,AMP,0.9999,IGKFLKKAKKFG,1
DBAASP_20362,AMP,0.9774,IIRATAAECLKHPWLKIKK,1
DBAASP_16679,AMP,0.9541,RFWQRNIRKYR,1
DBAASP_18166,AMP,0.9995,FLQGIWDTVGKWL,1
DBAASP_17760,AMP,0.7829,RIKTVTSFDLPALRWLKL,1
DBAASP_15880,AMP,0.9927,RYRRKKKMKKALQYIKL,1
DBAASP_18788,AMP,0.9998,GWWRRTVDKVRNAGRKV,1
DBAASP_20955,AMP,1.0,IGKLFKRIVERIKRFLRVLLRILR,1
DBAASP_19849,AMP,0.8655,FLPIVAKELSGLL,1
DBAASP_16674,AMP,0.999,FWQRKIRKVKK,1
DBAASP_5252,AMP,1.0,PRPLPFPRPGPRPIPRPLPFPRPGPRPI,1
DBAASP_4729,AMP,0.9985,FWGALAKGALKLIGVSLFSSFSKKD,1
DBAASP_10117,AMP,0.9999,KIAGKIAKKAGKIAKIA,1
DBAASP_7636,AMP,0.568,TPFKISIHLGGY,1
DBAASP_12190,non-AMP,0.0022,RHSRLQREPQVQWLEQQVAKRRTKR,0
DBAASP_4260,AMP,0.8204,GLFDVIKASVIGGL,1
DBAASP_12186,AMP,1.0,GIMDTVKNAAKNLAGQLLDKLKCSITAC,1
DBAASP_20163,AMP,0.9766,SLWENFKNAGK,1
DBAASP_9048,AMP,0.9948,CWTKSIPPKPC,1
DBAASP_16390,AMP,0.9995,GLLDFFKGAGKELLTHLASQI,1
DBAASP_21306,AMP,0.9998,TVAAQLLKKARCKLDKSC,1
DBAASP_20323,non-AMP,0.1206,ATAWKVPPGLQPIRPIRIRPLCGNDKS,0
DBAASP_8386,AMP,1.0,KWKSFAKTFKSAKKTVAHTALKAISS,1
DBAASP_20946,AMP,0.8953,KRIVQRIKDFLRRGKAK,1
DBAASP_4262,AMP,0.9996,GLFAVIKKVASVIGG,1
DBAASP_6912,AMP,1.0,LQKYYCRVRGGRCAVLSCLPKEEQIGKCSTRGRKCCRRKK,1
DBAASP_19870,AMP,0.8687,GVIIDTLKGAAKTVAAELL,1
DBAASP_264,AMP,1.0,KWKSFAKTFKSAKKTVLHTALKAISS,1
DBAASP_4359,AMP,0.9954,GVVDILKGAAKDIAGHLASKVM,1
DBAASP_5020,AMP,0.9994,HFLGTKVNLAKKIL,1
DBAASP_11216,AMP,0.9983,GFLEKLKTGAKDFASAFVNSIKGT,1
DBAASP_8810,AMP,0.9634,VARGWGNGCGLFGKGG,1
DBAASP_16800,AMP,0.9999,GLFDIVKKLLKLLK,1
DBAASP_1687,AMP,0.9999,ATCYCRTGRCATRESLSGVCEISGRLYRLCCR,1
DBAASP_3983,AMP,1.0,FLGKVFKKASKVVPAVFGKV,1
DBAASP_3818,AMP,0.9193,GWASKIGQTLGKMAKVGLQEIIQPK,1
DBAASP_20569,AMP,0.9997,RRRRRWWWWWW,1
DBAASP_16806,AMP,0.9973,KLFDIVKKVVGALG,1
DBAASP_14313,AMP,0.9703,SLWSSIKDMAAAAGRAALNAVNGIVNP,1
DBAASP_11541,non-AMP,0.0171,EEEEEEEEEEKKRLKKIFKKPMVIGVTIPF,0
DBAASP_10643,AMP,0.9855,PPIVGSIPLGCG,1
DBAASP_16666,AMP,0.9973,FWQRNIRKVKK,1
DBAASP_19846,AMP,0.8899,FLPIEAKLLSGLL,1
DBAASP_18159,AMP,0.9929,INLKAIAALGKKLL,1
DBAASP_19848,AMP,0.9962,FLPIVAELLSGLL,1
DBAASP_5250,AMP,0.9906,RRIRPRPPRLPRP,1
DBAASP_17326,non-AMP,0.1689,KVMREVLGYERNSYKKFFLR,0
DBAASP_18064,AMP,0.9981,LPRIPRLPRYPRYPRWPRHPD,1
DBAASP_10837,AMP,0.9999,IIGPVLGLVGKALGGLL,1
DBAASP_16039,AMP,0.9991,GGLRSLGLKILLAWKKYG,1
DBAASP_19843,AMP,0.9953,FEPIVAKLLSGLL,1
DBAASP_21304,AMP,0.9984,GVIFNALKGVAK,1
DBAASP_1042,AMP,0.5267,FQWQRNIRKVR,1
DBAASP_17511,AMP,0.9998,LWKIGKKIWRVG,1
DBAASP_6440,non-AMP,0.0159,LDDLKGTFAALSELHCDKLHVDPENFKLLGNVLVVVLARNFGKEFTPVL,0
DBAASP_20015,AMP,0.9999,LGLFKLLLRLILKGFKL,1
DBAASP_6935,AMP,0.9806,GLNALKKVFQGFHEAIKLINNHVQ,1
DBAASP_7766,AMP,0.9997,RFRRLRKKKRKRLKKI,1
DBAASP_16675,AMP,0.9946,RFWQRNIRKVRR,1
DBAASP_14270,AMP,0.9947,VRRFPAWAPFLRR,1
DBAASP_6335,AMP,0.9883,GNNRPVYIPQPRPHPRL,1
DBAASP_17001,AMP,0.9999,LKKLLKLPKKLLKL,1
DBAASP_6922,AMP,0.9926,AVLSWLPKEEQIGKWSTRGRKWWRRKK,1
DBAASP_4357,AMP,0.9997,GVVDILKGAAKDLAGHLATKVMNKL,1
DBAASP_20162,AMP,0.9969,SLWENFKNAGKK,1
DBAASP_12191,non-AMP,0.0039,SPHRPRHSRLQREPQVQWLEQQVAKRRTKR,0
DBAASP_7104,AMP,0.9939,ILGTILGPLKGL,1
DBAASP_4471,non-AMP,0.0006,KVALGVAQNYLNPQQ,0
DBAASP_3972,AMP,1.0,FLGVVFKLAVKVFPAVFGKV,1
DBAASP_11880,AMP,1.0,FLGAVLKVAGKLVPAAI,1
DBAASP_20372,AMP,0.9994,GIFSLIKGAAK,1
DBAASP_5371,AMP,0.9998,GLVGTLLGHIGKAILG,1
DBAASP_21307,AMP,0.9686,TVAAQLLKKAR,1
DBAASP_14663,AMP,0.7082,GGRRWQWRMKKLGAPSITLPETGG,1
DBAASP_15150,AMP,0.9985,LVTLVFVGGGWKWKWENGKWKWQW,1
DBAASP_16808,AMP,0.9999,KLLKIVKKVVGALG,1
DBAASP_6422,non-AMP,0.0005,TKAVEHLDDLPGALSELSDLHAHKLRVDPVNFKLLSHSLL,0
DBAASP_18495,AMP,1.0,LPRRNRWSKTWKKVTTVFS,1
DBAASP_316,AMP,0.9828,KKIGAIKKWGAIKKIGAI,1
DBAASP_16464,AMP,0.9983,FLPGILKVAAK,1
DBAASP_476,AMP,0.9734,KKAAASAAAAASAAWAASAAAKKKK,1
DBAASP_14653,AMP,0.9999,TKCFQWQWRMKKLGAPSITCVRRAF,1
DBAASP_12580,AMP,0.9996,PIRRPPIRPPFYPPFRPPIRP,1
DBAASP_18061,AMP,0.9836,LPRIPRLPRYPRYPR,1
DBAASP_20383,AMP,1.0,GFMDTAKNVAKNVAVTLLDNLKCKITKAC,1
DBAASP_8144,AMP,0.9904,LKKAKKFGKAFV,1
DBAASP_8813,AMP,0.8734,GRKKRRQRRRPPQ,1
DBAASP_15006,non-AMP,0.0003,NNEENELRRRVSFNRAVIHSLLG,0
DBAASP_4580,non-AMP,0.0826,QHSSGKSDVRRW,0
DBAASP_16671,AMP,0.9992,FWQRNIRKVKKKK,1
DBAASP_9244,AMP,0.8734,GRKKRRQRRRPPQ,1
DBAASP_14648,AMP,0.9469,IDWKKLPDAAKQIL,1
DBAASP_8295,AMP,0.9966,GVFDIIKGAGKQLIARAMGKIAEKVGLNKDGN,1
DBAASP_3977,AMP,1.0,FLGKVFKGAVKVFPAVFGKV,1
DBAASP_16672,AMP,0.9996,FWQRNIRKVKKKI,1
DBAASP_19518,AMP,0.9977,AKVVNKLTGGVAGLLK,1
DBAASP_8142,AMP,0.9997,KFLKKAKKFGKA,1
DBAASP_21054,AMP,0.9997,FIHHIIGALGHLF,1
DBAASP_19853,AMP,0.9857,FLPIVAKLLSGEL,1
DBAASP_12511,AMP,0.9997,GQLNKFIKKAQRKFHEKFAK,1
DBAASP_17332,non-AMP,0.1619,GLHKVMREVLGYERNSYK,0
DBAASP_2506,AMP,0.9997,GFMKYIGPLIPHKVKAISDLI,1
DBAASP_21161,AMP,0.5937,TGKASQFFGLM,1
DBAASP_9724,AMP,0.9989,FPLTWPTKWWKG,1
DBAASP_1238,AMP,0.9115,ENFFKEIERAGQRIRDAIISAAPAVETLAQAQKIIKGGD,1
